Model,MAE,MAPE,R2,RMSE
Ensemble,5.240443706512451,6.9465494,0.4474365711212158,9.167719092787356
LSTM,5.3711658,7.1637926,0.4410538,9.220516
Prophet,4.46687776982544,5.138466618779797,0.5252910635313797,9.03684593895444
TFT/GRU,5.222769768315748,6.852872840431262,0.432145760650651,9.29370029752823
