Model,Metric,Value
Prophet,MAE,4.46687776982544
Prophet,RMSE,9.03684593895444
Prophet,R2,0.5252910635313797
Prophet,MAPE,5.138466618779797
LSTM,MAE,5.3711658
LSTM,RMSE,9.220516
LSTM,R2,0.4410538
LSTM,MAPE,7.1637926
TFT/GRU,MAE,5.222769768315748
TFT/GRU,RMSE,9.29370029752823
TFT/GRU,R2,0.432145760650651
TFT/GRU,MAPE,6.852872840431262
Ensemble,MAE,5.240443706512451
Ensemble,RMSE,9.167719092787356
Ensemble,R2,0.4474365711212158
Ensemble,MAPE,6.9465494
