model,target,metric,value,std,n_patients,n_points
Prophet,MAP,MAE,4.46687776982544,6.558430966811215,19,114
Prophet,MAP,RMSE,9.03684593895444,7.662110670091712,19,114
Prophet,MAP,R2,0.5252910635313797,1.2045973482460166,19,114
Prophet,MAP,MAPE,5.138466618779797,6.604840601029728,19,114
