model,target,metric,value
TFT/GRU,MAP,MAE,5.2227697683157475
TFT/GRU,MAP,RMSE,9.29370029752823
TFT/GRU,MAP,R2,0.432145760650651
TFT/GRU,MAP,MAPE,6.852872840431262
