MAE,RMSE,R2,MAPE
5.240443706512451,9.167719092787355,0.4474365711212158,6.9465494
